<?xml version="1.0" encoding="utf-8"?>
<!DOCTYPE hibernate-configuration PUBLIC
	"-//Hibernate/Hibernate Configuration DTD 3.0//EN"
	"http://hibernate.sourceforge.net/hibernate-configuration-3.0.dtd">

<hibernate-configuration>
 <session-factory>

    <property name="connection.url">jdbc:postgresql://localhost:5432/webmaven</property>
    <property name="connection.username">postgres</property>
    <property name="connection.password">123456</property>
    <property name="connection.driver_class">org.postgresql.Driver</property>
    <property name="dialect">org.hibernate.dialect.PostgreSQLDialect</property>
  
    <property name="show_sql">true</property>
    <property name="format_sql">true</property>
    <property name="hbm2ddl.auto">update</property>
  
    <!-- JDBC connection pool (use the built-in) -->
    <property name="connection.pool_size">1</property>
    <property name="current_session_context_class">thread</property>
    <property name="cache.provider_class">org.hibernate.cache.HashtableCacheProvider</property>
	<property name="transaction.factory_class">org.hibernate.transaction.JDBCTransactionFactory</property>
 
    <mapping class="br.com.webmaven.usuario.entity.Usuario" />
    <mapping class="br.com.webmaven.paciente.entity.Paciente"/>
<!--      <mapping class="com.mastertheboss.domain.Department" /> -->
 </session-factory>
</hibernate-configuration>