<?xml version="1.0" encoding="UTF-8"?>
<faces-config version="2.0" xmlns="http://java.sun.com/xml/ns/javaee"
	xmlns:xi="http://www.w3.org/2001/XInclude" xmlns:xsi="http://www.w3.org/2001/XMLSchema-instance"
	xsi:schemaLocation="http://java.sun.com/xml/ns/javaee http://java.sun.com/xml/ns/javaee/web-facesconfig_2_0.xsd">

	<navigation-rule>
	
		<navigation-case>
			<from-outcome>login</from-outcome>
			<to-view-id>/login/login.xhtml</to-view-id>
		</navigation-case>
		
		<navigation-case>
			<from-outcome>index</from-outcome>
			<to-view-id>/pag/index.xhtml</to-view-id>
		</navigation-case>
		
		<navigation-case>
			<from-outcome>consPaciente</from-outcome>
			<to-view-id>/pag/paciente/consPaciente.xhtml</to-view-id>
		</navigation-case>

		<navigation-case>
			<from-outcome>cadPaciente</from-outcome>
			<to-view-id>/pag/paciente/cadPaciente.xhtml</to-view-id>
		</navigation-case>
		
	</navigation-rule>
	
	<application>
		<locale-config>
			<default-locale>pt_BR</default-locale>
			<supported-locale>pt_BR</supported-locale>
		</locale-config>
		<message-bundle>br.com.webmaven.resource.messages</message-bundle>
		<resource-bundle>
			<base-name>br.com.webmaven.resource.messages</base-name>
			<var>message</var>
		</resource-bundle>
	</application>
</faces-config>
